{"Average costs LTO": [112.62379735434348, 111.3391294935969, 109.26043885899631, 103.50465549871282, 94.59429581291653, 84.85220229325782, 77.61487904143523, 73.09672733938768, 68.23321210764803, 64.02529556050979, 61.264454931406405, 57.422301371701494, 55.42630242063979, 54.50174089226569, 53.136916149149755, 51.98158278564496, 51.16316322814002, 50.23521801149499, 49.879771890939466, 49.3406015323143, 48.81505231270593, 48.32021789141222, 48.16056999659033, 47.92214862529059, 47.66926530314748, 47.380307245204804, 47.13012495591299, 46.94405863900299, 46.683562697681026, 46.56380402513933, 46.4175654420398, 46.34038930319992, 46.29502297233834, 46.13500183931653, 46.06886297010712, 45.963060523358806, 45.904999020500235, 45.876167776364106, 45.84578782589061, 45.80835552328669, 45.78785598740914, 45.764379926741185, 45.744466485144265, 45.72109054700329, 45.71120003269648, 45.705404625222585, 45.68477710520333, 45.67598030492183, 45.66006137928655, 45.65477567766216], "End values LTO": [45.58425177849915, 45.59863009863613, 45.603145052739045, 45.61201690273372, 45.6134123141773, 45.61359841515806, 45.61438702954894, 45.6161682253263, 45.61647638193877, 45.61802862912683, 45.6183892188068, 45.61895058239136, 45.61937265202621, 45.61943089687926, 45.62214901997382, 45.622363190080925, 45.62245851643677, 45.623178210192584, 45.623711210241346, 45.62371554636879, 45.625113586144394, 45.62521121969189, 45.62615689529963, 45.62640282783731, 45.62750677605763], "Sigma LTO": [0.41302519076753247, 0.2926393218497182, 0.2977230347253698, 0.29782627594495187, 0.3015109857823612, 0.3254356160911449, 0.32692723299273585, 0.3363416406579729, 0.3437612871011416, 0.37097323391964243, 0.3738293573355639, 0.37632890637587735, 0.38888381867361804, 0.3886229773720293, 0.38878827040435926, 0.4040172978213582, 0.39160998779126466, 0.39509360197929294, 0.3709629475841213, 0.3942064625706532, 0.354022768365397, 0.34676055123771904, 0.33992057101149087, 0.329181679985184, 0.3261333482409759, 0.31179579282714975, 0.28437874762764515, 0.306736331453086, 0.2736518937732548, 0.286509352791504, 0.26251309283898505, 0.2717234340968551, 0.24336039441818147, 0.24486909156746256, 0.23267127409018246, 0.21863449950033412, 0.22589433230159012, 0.2085146743364903, 0.21118013421705886, 0.19435015563259692, 0.19438686756396586, 0.18964455108396447, 0.1810123647408295, 0.18250413453802442, 0.18364313730240783, 0.17302415340718397, 0.17068904530811732, 0.1656929317213275, 0.16353122194234754, 0.16907236761351602], "Std costs LTO": [2.754740698754516, 2.409498281178775, 2.8079918273574247, 3.5646825562559723, 5.461435381212568, 8.13005565272067, 10.50886796545814, 12.378945849280134, 13.435664393153894, 14.386911554310375, 14.64554780922917, 15.064299560675199, 14.717408416587924, 14.323257039815257, 13.862713382625122, 13.221380523371106, 12.401666557469156, 11.58956449082783, 10.630010909239266, 9.52415147790265, 8.737926049247628, 7.966438436815966, 7.371977933270448, 6.835523964887072, 6.382606539180567, 6.048732647100209, 5.844663712137482, 5.714337356392995, 5.599890211229416, 5.552298819931983, 5.458436150543536, 5.406659014150698, 5.336915428966987, 5.265005839530419, 5.154414877920218, 5.050979665946451, 5.022267130624553, 4.9615487137075185, 4.891022328836538, 4.823307523248715, 4.777225833159941, 4.73513980295079, 4.703012572471365, 4.664328930351546, 4.636839174564745, 4.607799659624398, 4.569735913825095, 4.527669534979869, 4.500262686345359, 4.469846732288544], "Std Sigma LTO": [0.17923269515976697, 0.16356070517668442, 0.15718907435209512, 0.16778215946723338, 0.16821275422144688, 0.1879636627426515, 0.19894398911597808, 0.2092583706577774, 0.2196352169061549, 0.24238747987750348, 0.22864439472127326, 0.23156663011726647, 0.23033679270935198, 0.2295729406747637, 0.23017083420511353, 0.22164800911681012, 0.20696349039151168, 0.2007510177412861, 0.1814064055629177, 0.19515969632033472, 0.15740111398817108, 0.15068756117609325, 0.14634179931948976, 0.1357868290346, 0.1365103381027344, 0.13184222737234677, 0.10729688937425973, 0.1364989829742853, 0.10514342823455317, 0.1252798074542987, 0.10945311991717543, 0.12001588001012473, 0.09494951180325842, 0.10227374132424506, 0.08737016973389826, 0.07133715021518652, 0.09472027108427962, 0.0694132887668044, 0.07057152804376877, 0.057362791591105466, 0.061161598919881176, 0.05667473735617357, 0.0571830224310085, 0.06051263270568752, 0.06262075139748807, 0.05117954292315268, 0.04495258801748381, 0.04116835112442848, 0.04207894035101424, 0.059761939590193006]}