ID,fcn_name,param1,param2,param3,param4,param5,param6,param7,param8
0,polynomial3D,8.601,-3.231,0.306,5.165,0,0,0,0
0,linear,0.2,-1,0,0,0,0,0,0
0,polynomial7D,-0.14843665871266265,-0.3899194808666171,-0.28443870322328224,0.4178322262681222,0.3505596405796843,-0.3132840844217682,0.1952221998064587,-0.01222959602632071
0,polynomial3D,8.601,-3.231,0.306,5.165,0,0,0,0