ID,fcn_name,param1,param2,param3,param4,param5,param6,param7,param8
0,sigmoid,1,5,0,0,0,0,0,0
0,linear,0.2,-1,0,0,0,0,0,0
0,polynomial7D,-0.14843665871266265,-0.3899194808666171,-0.28443870322328224,0.4178322262681222,0.6505596405796843,-0.9132840844217682,0.8952221998064587,-0.7222959602632071
0,polynomial3D,-0.5004755939081538,0.8070371565570316,0.5367280626062569,-0.20394267587556936,0,0,0,0